﻿{
    "TESTAlter": "This version is a test version.",
    "SaveMsg": "Are you sure you want to save in $S$?",
    "Invalide2s": "invalid e2s file.",
    "TESTVMsg": "In test version, you can only open the same version file.",
    "LodingError": "Error opening the file : $S0$\nProgram Version :$S1$\nSaveFile Version :$S2$",
    "SaveFileDifferent": "Save file is different from the current EUD Editor version.\nProgram Version :$S1$\nSaveFile Version :$S2$",
    "FailPlayWave": "Fail Play Wav.",
    "invalidData": "invalid Data!",
    "IscriptError": "Iscript Error\nFrame $V$ is not exist",
    "invalidMap": "Invalid map file.\n1. Locked/Protected map.\n2. Corrupted map file.\n3. Map file is already running.",
    "DuplicateFile": "Duplicated File",
    "NotArrow": "Currently not support.",
    "binEditbmpCau": "Imported image is too large.\nUnexpected situations may occur.\nExceed Size : ",
    "funcError": "invalid tfn file.",
    "tfError": "invalid tf file.",
    "TEfuncError": "Function is not exist",
    "neeuddraft": "euddraft실행 파일이 누락되었습니다.! 다시 설정해 주세요.",
    "buildError": "빌드에 실패했습니다. 자세한 상황은 좌측 상단의 로그를 참고하세요.",
    "build": "compile...",
    "TileSavemsg": "Are you sure you want to save tile?",
    "failReadstarCraft": "StarCraft 메모리 읽기에 실패했습니다.",
    "donotplayGame": "게임 실행중이 아닙니다.",
    "donotauth": "해당 맵에 권한이 없습니다.",
    "enMPQ": "MPQ 파일을 찾을 수 없습니다. 직접 선택하세요.",
    "notAdmin": "관리자 권한을 얻지 못했으므로 강제로 종료됩니다.",
    "notoverStart": "프로그램이 이미 실행중입니다!"

}