﻿{
    "Button14": "삽입(&W)",
    "Button6": "접기",
    "Button7": "펼치기",
    "GroupBox1": "글로벌 변수",
    "TabPage1": "Classic view",
    "Label1": "플레이어",
    "GroupBox2": "트리거",
    "Button9": "새로 만들기",
    "Button10": "수정",
    "Button11": "삭제",
    "Button12": "복사",
    "Button13": "올리기",
    "Button15": "내리기",
    "Button16": "함수 불러오기",
    "TabPage2": "Advance view",
    "Button5": "폴더",
    "Button17": "트리거",
    "조건Btn": "조건(&C)",
    "액션Btn": "액션(&A)",
    "대기하기Btn": "대기하기(&W)",
    "함수Btn": "함수(&F)",
    "IfBtn": "IF(&I)",
    "IfElseBtn": "IFlse(&E)",
    "ForBtn": "For(&R)",
    "WhileBtn": "While(&H)",
    "함수정의Btn": "새함수(&N)",
    "인수Btn": "인자(&T)",
    "함수저장Btn": "저장(&S)",
    "함수불러오기Btn": "불러오기(&L)",
    "FastColoredTextBox1": "FastColoredTextBox1",
    "MenuStrip1": "MenuStrip1",
    "CheckBox1": "SCDB사용"
}