﻿{
    "Button13": "Ok",
    "Button14": "Cancel",
    "TabPage1": "Players",
    "TabPage2": "Conditions",
    "GroupBox1": "New",
    "Button1": "Cond",
    "Button17": "Func",
    "Button2": "Edit",
    "Button3": "Copy",
    "Button4": "Delete",
    "Button5": "Move Up",
    "Button6": "Move Down",
    "TabPage3": "Actions",
    "GroupBox2": "New",
    "Button7": "Act",
    "Button16": "Wait",
    "Button15": "Func",
    "Button8": "Edit",
    "Button9": "Copy",
    "Button10": "Delete",
    "Button11": "Move Up",
    "Button12": "Move Down"
}
