﻿{
    "Button13": "확인",
    "Button14": "취소",
    "TabPage1": "플레이어",
    "TabPage2": "조건",
    "GroupBox1": "새로 만들기",
    "Button1": "조건",
    "Button17": "함수",
    "Button2": "편집",
    "Button3": "복사",
    "Button4": "삭제",
    "Button5": "올리기",
    "Button6": "내리기",
    "TabPage3": "액션",
    "GroupBox2": "새로만들기",
    "Button7": "액션",
    "Button16": "대기하기",
    "Button15": "함수",
    "Button8": "편집",
    "Button9": "복사",
    "Button10": "삭제",
    "Button11": "올리기",
    "Button12": "내리기"
}
