﻿[
  {
    "Name": "CountdownTimer",
    "Text": "카운트 타이머가 $Time$보다 $Comparison$할 경우",
    "CodeText": "CountdownTimer($Comparison$, $Time$)",
    "ToolTip": "None",
    "ValuesDef": [
      "Comparison",
      "Time"
    ]
  },
  {
    "Name": "Command",
    "Text": "$Player$가 $Unit$을 $Number$ $Comparison$ 보유 했을 경우",
    "CodeText": "Command($Player$, $Comparison$, $Number$, $Unit$)",
    "ToolTip": "None",
    "ValuesDef": [
      "Player",
      "Comparison",
      "Number",
      "Unit"
    ]
  },
  {
    "Name": "Bring",
    "Text": "$Player$가 $Unit$을 $Location$에서 $Number$ $Comparison$ 보유 했을 경우",
    "CodeText": "Bring($Player$, $Comparison$, $Number$, $Unit$, $Location$)",
    "ToolTip": "None",
    "ValuesDef": [
      "Player",
      "Comparison",
      "Number",
      "Unit",
      "Location"
    ]
  },
  {
    "Name": "Accumulate",
    "Text": "$Player$이 $ResourceType$를 $Number$ $Comparison$ 보유 했을 경우",
    "CodeText": "Accumulate($Player$, $Comparison$, $Number$, $ResourceType$)",
    "ToolTip": "None",
    "ValuesDef": [
      "Player",
      "Comparison",
      "Number",
      "ResourceType"
    ]
  },
  {
    "Name": "Kills",
    "Text": "$Player$이 $Unit$를 $Number$ $Comparison$ 잡았을 경우",
    "CodeText": "Kills($Player$, $Comparison$, $Number$, $Unit$)",
    "ToolTip": "None",
    "ValuesDef": [
      "Player",
      "Comparison",
      "Number",
      "Unit"
    ]
  },
  {
    "Name": "CommandMost",
    "Text": "해당 플레이어가 $Unit$을 가장 많이 보유 했을 경우",
    "CodeText": "CommandMost($Unit$)",
    "ToolTip": "None",
    "ValuesDef": [
      "Unit"
    ]
  },
  {
    "Name": "CommandMostAt",
    "Text": "해당 플레이어가 $Location$에서 $Unit$을 가장 많이 보유 했을 경우",
    "CodeText": "CommandMostAt($Unit$, $Location$)",
    "ToolTip": "None",
    "ValuesDef": [
      "Unit",
      "Location"
    ]
  },
  {
    "Name": "MostKills",
    "Text": "해당 플레이어가 $Unit$을 가장 많이 잡았을 경우",
    "CodeText": "MostKills($Unit$)",
    "ToolTip": "None",
    "ValuesDef": [
      "Unit"
    ]
  },
  {
    "Name": "HighestScore",
    "Text": "해당 플레이어가 $ScoreType$을 가장 많이 획득 했을 경우",
    "CodeText": "HighestScore($ScoreType$)",
    "ToolTip": "None",
    "ValuesDef": [
      "ScoreType"
    ]
  },
  {
    "Name": "MostResources",
    "Text": "해당 플레이어가 $ResourceType$을 가장 많이 채취 했을 경우",
    "CodeText": "MostResources($ResourceType$)",
    "ToolTip": "None",
    "ValuesDef": [
      "ResourceType"
    ]
  },
  {
    "Name": "Switch",
    "Text": "스위치 $Switch$가 $CState$일 경우",
    "CodeText": "Switch($Switch$, $CState$)",
    "ToolTip": "None",
    "ValuesDef": [
      "Switch",
      "CState"
    ]
  },
  {
    "Name": "ElapsedTime",
    "Text": "게임 시간이 $Time$ $Comparison$일 경우",
    "CodeText": "ElapsedTime($Comparison$, $Time$)",
    "ToolTip": "None",
    "ValuesDef": [
      "Comparison",
      "Time"
    ]
  },
  {
    "Name": "Briefing",
    "Text": "브리핑(Unused)",
    "CodeText": "Briefing()",
    "ToolTip": "None",
    "ValuesDef": [
      "None"
    ]
  },
  {
    "Name": "Opponents",
    "Text": "$Player$의 적대자가 $Number$ $Comparison$일 경우",
    "CodeText": "Opponents($Player$, $Comparison$, $Number$)",
    "ToolTip": "None",
    "ValuesDef": [
      "Player",
      "Comparison",
      "Number"
    ]
  },
  {
    "Name": "Deaths",
    "Text": "$Player$이 $Unit$를 $Number$ $Comparison$ 죽었을 경우",
    "CodeText": "Deaths($Player$, $Comparison$, $Number$, $Unit$)",
    "ToolTip": "None",
    "ValuesDef": [
      "Player",
      "Comparison",
      "Number",
      "Unit"
    ]
  },
  {
    "Name": "CommandLeast",
    "Text": "해당 플레이어가 $Unit$을 가장 적게 보유 했을 경우",
    "CodeText": "CommandLeast($Unit$)",
    "ToolTip": "None",
    "ValuesDef": [
      "Unit"
    ]
  },
  {
    "Name": "CommandLeastAt",
    "Text": "해당 플레이어가 $Location$에서 $Unit$을 가장 적게 보유 했을 경우",
    "CodeText": "CommandLeastAt($Unit$, $Location$)",
    "ToolTip": "None",
    "ValuesDef": [
      "Unit",
      "Location"
    ]
  },
  {
    "Name": "LeastKills",
    "Text": "해당 플레이어가 $Unit$을 가장 적게 잡았을 경우",
    "CodeText": "LeastKills($Unit$)",
    "ToolTip": "None",
    "ValuesDef": [
      "Unit"
    ]
  },
  {
    "Name": "LowestScore",
    "Text": "해당 플레이어가 $ScoreType$을 가장 적게 획득 했을 경우",
    "CodeText": "LowestScore($ScoreType$)",
    "ToolTip": "None",
    "ValuesDef": [
      "ScoreType"
    ]
  },
  {
    "Name": "LeastResources",
    "Text": "해당 플레이어가 $ResourceType$을 가장 적게 채취 했을 경우",
    "CodeText": "LeastResources($ResourceType$)",
    "ToolTip": "None",
    "ValuesDef": [
      "ResourceType"
    ]
  },
  {
    "Name": "Score",
    "Text": "$Player$이 $ScoreType$을 $Number$ $Comparison$ 획득했을 경우",
    "CodeText": "Score($Player$, $ScoreType$, $Comparison$, $Number$)",
    "ToolTip": "None",
    "ValuesDef": [
      "Player",
      "ScoreType",
      "Comparison",
      "Number"
    ]
  },
  {
    "Name": "Always",
    "Text": "항상 액션을 실행합니다.",
    "CodeText": "Always()",
    "ToolTip": "None",
    "ValuesDef": [
      "None"
    ]
  },
  {
    "Name": "Never",
    "Text": "절대로 액션을 실행하지 않습니다.",
    "CodeText": "Never()",
    "ToolTip": "None",
    "ValuesDef": [
      "None"
    ]
  },
  {
    "Name": "EUDPart",
    "Text": "EUDPart",
    "CodeText": "EUDPart",
    "ToolTip": "EUDPart",
    "ValuesDef": [
      "EUDPart"
    ]
  },
  {
    "Name": "Memory",
    "Text": "메모리 주소 $Offset$의 값이 $Number$ $Comparison$경우",
    "CodeText": "Memory($Offset$, $Comparison$, $Number$)",
    "ToolTip": "None",
    "ValuesDef": [
      "Offset",
      "Number",
      "Comparison"
    ]
  },
  {
    "Name": "MemoryEPD",
    "Text": "메모리 주소 EPD $Offset$의 값이 $Number$ $Comparison$경우",
    "CodeText": "MemoryEPD($Offset$, $Comparison$, $Number$)",
    "ToolTip": "None",
    "ValuesDef": [
      "Offset",
      "Number",
      "Comparison"
    ]
  },
  {
    "Name": "LocalCurrentPlayer",
    "Text": "비공유 플레이어가 $PlayerX$일 경우",
    "CodeText": "MemoryEPD(EPD(0x57F1B0), Exactly, $PlayerX$)",
    "ToolTip": "None",
    "ValuesDef": [
      "PlayerX"
    ]
  },
  {
    "Name": "ScoreEUD",
    "Text": "$PlayerX$이 $ScoreOffset$을 $Number$ $Comparison$ 획득했을 경우",
    "CodeText": "MemoryEPD(EPD($ScoreOffset$) + $PlayerX$, $Comparison$, $Number$)",
    "ToolTip": "None",
    "ValuesDef": [
      "PlayerX",
      "ScoreOffset",
      "Number",
      "Comparison"
    ]
  },
  {
    "Name": "Supply",
    "Text": "$PlayerX$의 $Races$의 $SupplyType$이 $Amount$ $Comparison$ 일 경우.",
    "CodeText": "MemoryEPD(EPD(0x582144) + $Races$ * 36 + $SupplyType$ * 12 + $PlayerX$, $Comparison$, $Amount$)",
    "ToolTip": "None",
    "ValuesDef": [
      "PlayerX",
      "Races",
      "SupplyType",
      "Amount",
      "Comparison"
    ]
  },
  {
    "Name": "TechnologiesAvailable",
    "Text": "$PlayerX$의 $Techdata$의 최대치가 $Count$ $VariableComparison$경우",
    "CodeText": "bread(0x58CE24 + $Techdata$ + $PlayerX$ * (24 - 4 * ($Techdata$ / 24)) + 0x222C * ($Techdata$ / 24)) $VariableComparison$ $Count$",
    "ToolTip": "None",
    "ValuesDef": [
      "PlayerX",
      "Techdata",
      "Count",
      "VariableComparison"
    ]
  },
  {
    "Name": "TechnologiesResearched",
    "Text": "$PlayerX$의 $Techdata$의 현재 수치가 $Count$ $VariableComparison$경우",
    "CodeText": "bread(0x58CF44 + $Techdata$ + $PlayerX$ * (24 - 4 * ($Techdata$ / 24)) + 0x21FC * ($Techdata$ / 24)) $VariableComparison$ $Count$",
    "ToolTip": "None",
    "ValuesDef": [
      "PlayerX",
      "Techdata",
      "Count",
      "VariableComparison"
    ]
  },
  {
    "Name": "UpgradesAvailable",
    "Text": "$PlayerX$의 $Upgrade$의 최대치가 $Count$ $VariableComparison$경우",
    "CodeText": "bread(0x58D088 + $Upgrade$ + $PlayerX$ * (46 - 31 * ($Upgrade$ / 46)) + 0x21F0 * ($Upgrade$ / 46)) $VariableComparison$ $Count$",
    "ToolTip": "None",
    "ValuesDef": [
      "PlayerX",
      "Upgrade",
      "Count",
      "VariableComparison"
    ]
  },
  {
    "Name": "UpgradesResearched",
    "Text": "$PlayerX$의 $Upgrade$의 현재 수치가 $Count$ $VariableComparison$경우",
    "CodeText": "bread(0x58D2B0 + $Upgrade$ + $PlayerX$ * (46 - 31 * ($Upgrade$ / 46)) + 0x207C * ($Upgrade$ / 46)) $VariableComparison$ $Count$",
    "ToolTip": "None",
    "ValuesDef": [
      "PlayerX",
      "Upgrade",
      "Count",
      "VariableComparison"
    ]
  },
  {
    "Name": "Variable",
    "Text": "변수 $Variable$가 $Count$ $VariableComparison$ 경우",
    "CodeText": "$Variable$ $VariableComparison$ $Count$",
    "ToolTip": "변수를 판단합니다.",
    "ValuesDef": [
      "Variable",
      "Count",
      "VariableComparison"
    ]
  },
  {
    "Name": "KeyDetect",
    "Text": "$KeyCode$키를 누른 경우",
    "CodeText": "bread(0x596A18 + $KeyCode$) == 1",
    "ToolTip": "None",
    "ValuesDef": [
      "KeyCode"
    ]
  },
  {
    "Name": "Datfile",
    "Text": "$DatFile$ $Object$의 $OffsetName$가 $Count$ $VariableComparison$ 경우",
    "CodeText": "$writedef$read($DatFile$ + $OffsetName$ + $Object$ * &SIZE&) $VariableComparison$ $Count$",
    "ToolTip": "None",
    "ValuesDef": [
      "DatFile",
      "OffsetName",
      "Object",
      "VariableComparison",
      "Count"
    ]
  },
  {
    "Name": "STRUCTPart",
    "Text": "STRUCTPart",
    "CodeText": "STRUCTPart",
    "ToolTip": "STRUCTPart",
    "ValuesDef": [
      "STRUCTPart"
    ]
  },
  {
    "Name": "CUnitData",
    "Text": "구조오프셋Ptr $UnitPTR$의 $StructOffset$가 $SValue$ $VariableComparison$ 경우",
    "CodeText": "$writedef$read($UnitPTR$ + $StructOffset$) $VariableComparison$ $SValue$",
    "ToolTip": "None",
    "ValuesDef": [
      "UnitPTR",
      "StructOffset",
      "VariableComparison",
      "SValue"
    ]
  },
  {
    "Name": "CUnitDataEPD",
    "Text": "구조오프셋EPD $UnitEPD$의 $StructOffset$가 $SValue$ $VariableComparison$ 경우",
    "CodeText": "$writedef$read_epd($UnitEPD$ + $StructOffset$ / 4,  $StructOffset$ % 4) $VariableComparison$ $SValue$|$NotFlag$MemoryEPD($UnitEPD$ + $StructOffset$ / 4, $Comparison$, $SValue$)",
    "ToolTip": "None",
    "ValuesDef": [
      "UnitEPD",
      "StructOffset",
      "VariableComparison",
      "SValue"
    ]
  },
  {
    "Name": "CUSTOMPart",
    "Text": "CUSTOMPart",
    "CodeText": "CUSTOMPart",
    "ToolTip": "CUSTOMPart",
    "ValuesDef": [
      "CUSTOMPart"
    ]
  },
  {
    "Name": "RawCode",
    "Text": "코드 : $RawString$",
    "CodeText": "$RawString$",
    "ToolTip": "None",
    "ValuesDef": [
      "RawString"
    ]
  },
  {
    "Name": "CurrentBGM",
    "Text": "$Player$의 재생중인 음악이 $BGM$일 경우",
    "CodeText": "BGM.CurrentPlayMusic($Player$) == $BGM$",
    "ToolTip": "None",
    "ValuesDef": [
      "Player",
      "BGM"
    ]
  },
  {
    "Name": "BGMPlaying",
    "Text": "$Player$의 음악 상태가 $BGMFlag$인 경우",
    "CodeText": "BGM.isplaying($Player$) == $BGMFlag$",
    "ToolTip": "None",
    "ValuesDef": [
      "Player",
      "BGMFlag"
    ]
  },
  {
    "Name": "SCDB:Msg",
    "Text": "SCDB: 마지막 알람이 $SCDBMsgType$일 경우",
    "CodeText": "scdb.GetMsg() == $SCDBMsgType$",
    "ToolTip": "None",
    "ValuesDef": [
      "SCDBMsgType"
    ]
  },
  {
    "Name": "SCDB:Connect",
    "Text": "SCDB: 연결 상태가 $SCDBConnectStatus$일 경우",
    "CodeText": "scdb.GetConnect() == $SCDBConnectStatus$",
    "ToolTip": "None",
    "ValuesDef": [
      "SCDBConnectStatus"
    ]
  },
  {
    "Name": "SCDB:Loadable",
    "Text": "SCDB: 데이터 로드가 가능한 경우",
    "CodeText": "scdb.isLoadable() == 1",
    "ToolTip": "None",
    "ValuesDef": [
      "None"
    ]
  }
]