﻿{
    "TESTAlter": "본 버전은 테스트 버전입니다.",
    "SaveMsg": "변경 내용을 $S$에 저장하시겠습니까?",
    "Invalide2s": "올바른 e2s파일이 아닙니다.",
    "TESTVMsg": "TEST버전은 같은 버전만 열 수 있습니다.",
    "LodingError": "$S0$을 불러오는 중에 문제가 생겼습니다.\n프로그램 버전 :$S1$\n세이브파일 버전 :$S2$",
    "SaveFileDifferent": "현재 EUD에디터 버전과 다른 세이브 파일입니다.\n프로그램 버전 :$S1$\n세이브파일 버전 :$S2$",
    "FailPlayWave": "Wav재생에 실패했습니다.",
    "invalidData": "올바르지 않은 데이터 입니다.",
    "IscriptError": "스크립트 재생 에러\nFrame $V$은 존재하지 않습니다.",
    "invalidMap": "정상적인 맵 파일이 아닙니다.\n1. 프로텍트가 걸린 맵.\n2. 정상적이지 않은 맵.\n3. 현재 실행 중인 맵.",
    "DuplicateFile": "이미 같은 파일이 들어가 있습니다!",
    "NotArrow": "현재 지원하지 않는 기능입니다.",
    "binEditbmpCau": "넣으려는 이미지 파일이 너무 큽니다!. \n예상치 못한 상황이 발생 할 수 있습니다.\n초과된 용량 : ",
    "funcError": "올바른 tfn파일이 아닙니다.",
    "tfError": "올바른 tf파일이 아닙니다."
}