﻿{
    "Button13": "확인",
    "Button14": "취소",
    "TabPage1": "플레이어",
    "TabPage2": "조건",
    "GroupBox1": "새로 만들기",
    "Button1": "조건(N)",
    "Button17": "함수(F)",
    "Button2": "편집(E)",
    "Button3": "복사(C)",
    "Button4": "삭제(D)",
    "Button5": "올리기(U)",
    "Button6": "내리기(O)",
    "TabPage3": "액션",
    "GroupBox2": "새로만들기",
    "Button7": "액션(N)",
    "Button16": "대기하기(W)",
    "Button15": "함수(F)",
    "Button8": "편집(E)",
    "Button9": "복사(C)",
    "Button10": "삭제(D)",
    "Button11": "올리기(U)",
    "Button12": "내리기(O)"
}
