﻿{
    "Button14": "Insert",
    "Button6": "Fold",
    "Button7": "Un Fold",
    "GroupBox1": "Global Variable",
    "Button5": "Folder",
    "Button17": "Trigger",
    "조건Btn": "Con(&C)",
    "액션Btn": "Act(&A)",
    "대기하기Btn": "Wait(&W)",
    "함수Btn": "Func(&F)",
    "IfBtn": "IF(&I)",
    "IfElseBtn": "IFlse(&E)",
    "ForBtn": "For(&R)",
    "WhileBtn": "While(&H)",
    "함수정의Btn": "New Func(&N)",
    "인수Btn": "Factor(&T)",
    "함수저장Btn": "Save(&S)",
    "함수불러오기Btn": "Load(&L)",
    "FastColoredTextBox1": "FastColoredTextBox1",
    "MenuStrip1": "MenuStrip1",
    "CheckBox1": "UseSCDB"
}
