﻿{
    "TabPage1": "유닛",
    "Label24": "UnitName",
    "TabPage9": "기본정보",
    "GroupBox5": "탑승공간",
    "Label18": "제공량",
    "Label17": "필요량",
    "GroupBox6": "점수",
    "Label20": "파괴시",
    "Label19": "생산시",
    "GroupBox7": "기타정보",
    "Label23": "부가사거리",
    "Label22": "시야",
    "Label21": "유닛크기",
    "GroupBox4": "인구량",
    "Label16": "공급인구",
    "Label15": "필요인구",
    "GroupBox3": "무기",
    "Label13": "타격수",
    "Label14": "타격수",
    "Button4": "확인",
    "Label12": "공중무기",
    "Button3": "확인",
    "Label11": "지상무기",
    "GroupBox2": "생산비용",
    "Label5": "브르드워",
    "CheckBox2": "사용",
    "Label10": "시간",
    "Label9": "가스",
    "Label8": "미네랄",
    "GroupBox1": "유닛 생체 수치",
    "Button51": "확인",
    "Label2": "쉴드",
    "CheckBox1": "사용",
    "Label4": "방어구",
    "Label3": "방어력",
    "Label1": "체력",
    "TabPage10": "고급정보",
    "GroupBox9": "기타정보",
    "Label126": "알수없음",
    "Label28": "감염유닛",
    "Button6": "확인",
    "Label29": "부가유닛1",
    "Button2": "확인",
    "Button1": "확인",
    "Label30": "부가유닛2",
    "GroupBox8": "스페셜어빌리티플래그",
    "TabPage11": "사운드",
    "GroupBox10": "사운드",
    "Label64": "짜증냄",
    "Label63": "물어봄",
    "Label62": "대답",
    "Label61": "기다림",
    "Button12": "확인",
    "Label36": "짜증냄(마지막)",
    "Button13": "확인",
    "Label37": "짜증냄(1번쨰)",
    "Button10": "확인",
    "Label34": "물어봄(마지막)",
    "Button11": "확인",
    "Label35": "물어봄(1번쨰)",
    "Button9": "확인",
    "Label33": "대답(마지막)",
    "Button8": "확인",
    "Label32": "대답(1번째)",
    "Button7": "확인",
    "Label31": "기다림",
    "TabPage12": "그래픽",
    "Label60": "생산모습",
    "CheckBox4": "프레임 재생",
    "GroupBox17": "건설크기",
    "Label51": "세로(Y)",
    "Label52": "가로(X)",
    "CheckBox3": "보조선보기",
    "Label59": "색",
    "GroupBox13": "애드온 위치",
    "Label47": "세로(Y)",
    "Label48": "가로(X)",
    "GroupBox12": "유닛 크기(픽셀)",
    "Label46": "하",
    "Label45": "상",
    "Label44": "우",
    "Label43": "좌",
    "GroupBox11": "유닛그림 정보",
    "Label42": "생산시 방향",
    "Label41": "높이",
    "Button14": "확인",
    "Label38": "얼굴사진",
    "Button15": "확인",
    "Label39": "생산모습",
    "Button16": "확인",
    "Label40": "그래픽",
    "TabPage13": "맵에디트적용",
    "GroupBox16": "문자 정보",
    "Button45": "수정",
    "Label50": "문자열",
    "Label49": "계급",
    "GroupBox15": "소속된 그룹",
    "GroupBox14": "소속된 능력",
    "TabPage14": "인공지능행동",
    "GroupBox18": "인공지능행동",
    "Label58": "우클릭행동",
    "Button17": "확인",
    "Label53": "공격 & 이동",
    "Button18": "확인",
    "Label54": "유닛 공격",
    "Button19": "확인",
    "Label55": "평상시",
    "Button20": "확인",
    "Label56": "사람 기본",
    "Button21": "확인",
    "Label57": "컴퓨터 기본",
    "TabPage2": "무기",
    "GroupBox24": "대상종류",
    "GroupBox23": "그래픽 정보",
    "Label82": "발사회전값",
    "Label83": "공격가능각도",
    "Label80": "발사높이",
    "Label81": "발사위치",
    "Label79": "아이콘",
    "Button22": "확인",
    "Label78": "잔여시간",
    "Label77": "그래픽",
    "Label76": "투사방식",
    "GroupBox22": "스플레시범위",
    "Label73": "외곽",
    "Label71": "중간",
    "Label72": "안쪽",
    "GroupBox21": "사거리",
    "Label68": "최대",
    "Label67": "최소",
    "GroupBox20": "무기 화면정보",
    "Button47": "수정",
    "Button46": "수정",
    "Label75": "에러메세지",
    "Label74": "이름",
    "GroupBox19": "타격정보",
    "Button52": "확인",
    "Label70": "사용안됨",
    "Label69": "폭발형",
    "Label66": "데미지형식",
    "Label65": "업글",
    "Label7": "공격속도",
    "Label6": "투사체 수",
    "Label25": "공격력",
    "Label26": "추가공격력",
    "TabPage3": "비행정보",
    "GroupBox25": "일반속성",
    "Label127": "사용안됨",
    "Label89": "이동 제어",
    "Label88": "회전반경",
    "Label87": "제동거리",
    "Label86": "가속",
    "Label85": "최고속도",
    "Button23": "확인",
    "Label84": "스프라이트",
    "TabPage4": "스프라이트",
    "GroupBox27": "미리보기",
    "CheckBox7": "프레임 재생",
    "GroupBox26": "스프라이트 정보",
    "Label95": "선택원위치",
    "Button25": "확인",
    "Label94": "체력바",
    "Label93": "선택원이미지",
    "Label91": "보여짐",
    "CheckBox6": "사용",
    "Button24": "확인",
    "Label90": "이미지",
    "TabPage5": "이미지",
    "TabPage18": "그래픽 정보",
    "Button44": "GRP추출",
    "Button42": "외부파일",
    "Button43": "삭제",
    "Label145": "GRPEditor",
    "GroupBox43": "화면출력 정보",
    "Label135": "색상표",
    "Label134": "기능",
    "GroupBox46": "스크립트",
    "GroupBox45": "미리보기",
    "Label146": "255",
    "GroupBox41": "이미지 파일",
    "Button41": "GRPEditor",
    "Label142": "스크립트 ID",
    "Label143": "GRP 파일",
    "TabPage17": "일반 정보",
    "GroupBox44": "추가오버레이 위치",
    "Label144": "없음 = 0, 소형 = 133, 중형 = 2, 대형 = 184",
    "Button40": "확인",
    "Label141": "쉴드",
    "Button39": "확인",
    "Label140": "뛰움",
    "Button38": "확인",
    "Label139": "내림",
    "Button37": "확인",
    "Label138": "특수",
    "Button36": "확인",
    "Label137": "피해",
    "Button35": "확인",
    "Label136": "공격",
    "GroupBox42": "일반정보",
    "TabPage6": "업그레이드",
    "GroupBox31": "업그레이드 정보",
    "Label128": "알수없음",
    "Label103": "브르드워",
    "CheckBox8": "사용",
    "Label105": "종족",
    "Label104": "단계수",
    "GroupBox30": "추가비용",
    "Label100": "시간",
    "Label101": "가스",
    "Label102": "미네랄",
    "GroupBox29": "기본비용",
    "Label97": "시간",
    "Label98": "가스",
    "Label99": "미네랄",
    "GroupBox28": "업그레이드 화면정보",
    "Button48": "수정",
    "Label96": "이름",
    "Label92": "아이콘",
    "TabPage7": "기술",
    "GroupBox34": "기술 정보",
    "Label130": "알수없음",
    "Label129": "사용안됨",
    "CheckBox10": "사용",
    "Label111": "브르드워",
    "CheckBox9": "사용",
    "Label112": "종족",
    "GroupBox32": "비용",
    "Label113": "에너지",
    "Label106": "시간",
    "Label107": "가스",
    "Label108": "미네랄",
    "GroupBox33": "기술 화면정보",
    "Button49": "수정",
    "Label109": "이름",
    "Label110": "아이콘",
    "TabPage8": "명령",
    "GroupBox36": "정보",
    "GroupBox35": "명령/오더정보",
    "Button50": "수정",
    "Label131": "알수없음",
    "Button27": "확인",
    "Button26": "확인",
    "Label119": "활성화 버튼",
    "Label118": "애니메이션",
    "Label117": "이름",
    "Label116": "불명확명령시",
    "Label115": "에너지",
    "Label114": "목표지정시",
    "TabPage15": "사운드",
    "Button31": "넣기",
    "Button32": "삭제",
    "Label132": "MPQEditor",
    "GroupBox38": "일반정보",
    "Label123": "알수없음4",
    "Label124": "알수없음3",
    "Label121": "알수없음2",
    "Label122": "알수없음1",
    "GroupBox37": "사운드",
    "Button28": "확인",
    "Label120": "파일",
    "Button29": "MPQEditor",
    "TabPage16": "얼굴사진",
    "GroupBox40": "파일 목록",
    "Button33": "넣기",
    "Button34": "삭제",
    "Label133": "MPQEditor",
    "GroupBox39": "얼굴사진",
    "Label125": "파일",
    "Button30": "MPQEditor",
    "Label27": "필터",
    "CheckBox5": "수정",
    "Button5": "접기",
    "Fold": "접기",
    "UnFold": "펼치기",
    "MenuStrip1": "MenuStrip1"
}
