﻿{
    "FileFToolStripMenuItem": "파일(&F)",
    "NewNToolStripMenuItem": "새로 만들기(&N)",
    "OpenToolStripMenuItem": "열기(&O)",
    "SaveToolStripMenuItem": "저장(&S)",
    "SaveasToolStripMenuItem": "다른이름으로 저장",
    "ProCloseToolStripMenuItem": "프로젝트닫기(&C)",
    "ExitToolStripMenuItem": "끝내기(&X)",
    "ViewVToolStripMenuItem": "보기(&V)",
    "PyViewVToolStripMenuItem": "py파일 보기(&P)",
    "EdsViewEToolStripMenuItem": "eds파일 보기(&D)",
    "ToolTToolStripMenuItem": "도구(&T)",
    "MpainjectWToolStripMenuItem": "맵에 삽입(&W)",
    "EDDOpenDToolStripMenuItem": "EDD로 삽입(&D)",
    "ToolStripMenuItem1": "맵 열기(&M)",
    "TriggerviewTToolStripMenuItem": "트리거보기(&T)",
    "ToclipEToolStripMenuItem": "클립보드로(&E)",
    "HelpHToolStripMenuItem": "도움말(&H)",
    "BlogHelpToolStripMenuItem": "블로그설명서"
}
