﻿[
  {
    "Name": "Victory",
    "Text": "플레이어가 게임에서 승리합니다.",
    "CodeText": "Victory()",
    "ToolTip": "None",
    "ValuesDef": [
      "None"
    ]
  },
  {
    "Name": "Defeat",
    "Text": "플레이어가 게임에서 패배합니다.",
    "CodeText": "Defeat()",
    "ToolTip": "None",
    "ValuesDef": [
      "None"
    ]
  },
  {
    "Name": "PreserveTrigger",
    "Text": "트리거를 무한 반복 합니다.",
    "CodeText": "PreserveTrigger()",
    "ToolTip": "None",
    "ValuesDef": [
      "None"
    ]
  },
  {
    "Name": "Wait(Don't Use)",
    "Text": "$Time$만큼 기다립니다.(쓰지 않는걸 추천합니다.)",
    "CodeText": "Wait($Time$)",
    "ToolTip": "None",
    "ValuesDef": [
      "Time"
    ]
  },
  {
    "Name": "PauseGame",
    "Text": "게임을 멈춥니다.",
    "CodeText": "PauseGame()",
    "ToolTip": "None",
    "ValuesDef": [
      "None"
    ]
  },
  {
    "Name": "UnpauseGame",
    "Text": "게임을 재게합니다.",
    "CodeText": "UnpauseGame()",
    "ToolTip": "None",
    "ValuesDef": [
      "None"
    ]
  },
  {
    "Name": "Transmission",
    "Text": "$Where$에 위치하는 $Unit$의 말하는 애니메이션을 $WAVName$을 재생하면서 보여줍니다. 트랜스 미션 시간을 $Time$ 만큼 $TimeModifier$합니다. $Text$를 $AlwaysDisplay$ 보여줍니다.",
    "CodeText": "Transmission($Unit$, $Where$, $WAVName$, $TimeModifier$, $Time$, $Text$, $AlwaysDisplay$)",
    "ToolTip": "None",
    "ValuesDef": [
      "Unit",
      "Where",
      "WAVName",
      "TimeModifier",
      "Time",
      "Text",
      "AlwaysDisplay"
    ]
  },
  {
    "Name": "PlayWAV",
    "Text": "$WAVName$을 재생합니다.",
    "CodeText": "PlayWAV($WAVName$)",
    "ToolTip": "None",
    "ValuesDef": [
      "WAVName"
    ]
  },
  {
    "Name": "DisplayText",
    "Text": "$Text$를 $AlwaysDisplay$의 옵션으로 보여줍니다.",
    "CodeText": "DisplayText($Text$, $AlwaysDisplay$)",
    "ToolTip": "None",
    "ValuesDef": [
      "Text",
      "AlwaysDisplay"
    ]
  },
  {
    "Name": "CenterView",
    "Text": "$Where$로 화면을 이동합니다.",
    "CodeText": "CenterView($Where$)",
    "ToolTip": "None",
    "ValuesDef": [
      "Where"
    ]
  },
  {
    "Name": "CreateUnitWithProperties",
    "Text": "$Player$의 $Unit$을 $Count$만큼 $Where$에서 $Properties$로 생산합니다.",
    "CodeText": "CreateUnitWithProperties($Count$, $Unit$, $Where$, $Player$, $Properties$)",
    "ToolTip": "None",
    "ValuesDef": [
      "Count",
      "Unit",
      "Where",
      "Player",
      "Properties"
    ]
  },
  {
    "Name": "SetMissionObjectives",
    "Text": "미션 오브젝트를 $Text$로 설정합니다.",
    "CodeText": "SetMissionObjectives($Text$)",
    "ToolTip": "None",
    "ValuesDef": [
      "Text"
    ]
  },
  {
    "Name": "SetSwitch",
    "Text": "$Switch$의 상태를 $SState$합니다.",
    "CodeText": "SetSwitch($Switch$, $SState$)",
    "ToolTip": "None",
    "ValuesDef": [
      "Switch",
      "SState"
    ]
  },
  {
    "Name": "SetCountdownTimer",
    "Text": "카운트 타이머를 $Time$만큼 $TimeModifier$합니다.",
    "CodeText": "SetCountdownTimer($TimeModifier$, $Time$)",
    "ToolTip": "None",
    "ValuesDef": [
      "TimeModifier",
      "Time"
    ]
  },
  {
    "Name": "RunAIScript",
    "Text": "인공지능 $Script$을 실행합니다.",
    "CodeText": "RunAIScript($Script$)",
    "ToolTip": "None",
    "ValuesDef": [
      "Script"
    ]
  },
  {
    "Name": "RunAIScriptAt",
    "Text": "인공지능 $Script$을 $Where$에서 실행합니다..",
    "CodeText": "RunAIScriptAt($Script$, $Where$)",
    "ToolTip": "None",
    "ValuesDef": [
      "Script",
      "Where"
    ]
  },
  {
    "Name": "LeaderBoardControl",
    "Text": "$Unit$의 보유 수를 $Label$리더보드로 띄웁니다.",
    "CodeText": "LeaderBoardControl($Unit$, $Label$)",
    "ToolTip": "None",
    "ValuesDef": [
      "Unit",
      "Label"
    ]
  },
  {
    "Name": "LeaderBoardControlAt",
    "Text": "$Location$에 위치하는 $Unit$의 보유 수를 $Label$리더보드로 띄웁니다.",
    "CodeText": "LeaderBoardControlAt($Unit$, $Location$, $Label$)",
    "ToolTip": "None",
    "ValuesDef": [
      "Unit",
      "Location",
      "Label"
    ]
  },
  {
    "Name": "LeaderBoardResources",
    "Text": "$ResourceType$의 채집 량을 $Label$리더보드로 띄웁니다.",
    "CodeText": "LeaderBoardResources($ResourceType$, $Label$)",
    "ToolTip": "None",
    "ValuesDef": [
      "ResourceType",
      "Label"
    ]
  },
  {
    "Name": "LeaderBoardKills",
    "Text": "$Unit$를 죽인 수를 $Label$리더보드로 띄웁니다.",
    "CodeText": "LeaderBoardKills($Unit$, $Label$)",
    "ToolTip": "None",
    "ValuesDef": [
      "Unit",
      "Label"
    ]
  },
  {
    "Name": "LeaderBoardScore",
    "Text": "$ScoreType$를 $Label$리더보드로 띄웁니다.",
    "CodeText": "LeaderBoardScore($ScoreType$, $Label$)",
    "ToolTip": "None",
    "ValuesDef": [
      "ScoreType",
      "Label"
    ]
  },
  {
    "Name": "KillUnit",
    "Text": "$Player$의 모든 $Unit$을 죽입니다.",
    "CodeText": "KillUnit($Unit$, $Player$)",
    "ToolTip": "None",
    "ValuesDef": [
      "Unit",
      "Player"
    ]
  },
  {
    "Name": "KillUnitAt",
    "Text": "$ForPlayer$의 $Where$에 위치하는 $Unit$을 $Count$만큼 죽입니다.",
    "CodeText": "KillUnitAt($Count$, $Unit$, $Where$, $ForPlayer$)",
    "ToolTip": "None",
    "ValuesDef": [
      "Count",
      "Unit",
      "Where",
      "ForPlayer"
    ]
  },
  {
    "Name": "RemoveUnit",
    "Text": "$Player$의 모든 $Unit$을 제거합니다.",
    "CodeText": "RemoveUnit($Unit$, $Player$)",
    "ToolTip": "None",
    "ValuesDef": [
      "Unit",
      "Player"
    ]
  },
  {
    "Name": "RemoveUnitAt",
    "Text": "$ForPlayer$의 $Where$에 위치하는 $Unit$을 $Count$만큼 제거합니다.",
    "CodeText": "RemoveUnitAt($Count$, $Unit$, $Where$, $ForPlayer$)",
    "ToolTip": "None",
    "ValuesDef": [
      "Count",
      "Unit",
      "Where",
      "ForPlayer"
    ]
  },
  {
    "Name": "SetResources",
    "Text": "$Player$의 $ResourceType$를 $Amount$만큼 $Modifier$합니다.",
    "CodeText": "SetResources($Player$, $Modifier$, $Amount$, $ResourceType$)",
    "ToolTip": "None",
    "ValuesDef": [
      "Player",
      "Modifier",
      "Amount",
      "ResourceType"
    ]
  },
  {
    "Name": "SetScore",
    "Text": "$Player$의 $ScoreType$를 $Amount$만큼 $Modifier$합니다.",
    "CodeText": "SetScore($Player$, $Modifier$, $Amount$, $ScoreType$)",
    "ToolTip": "None",
    "ValuesDef": [
      "Player",
      "Modifier",
      "Amount",
      "ScoreType"
    ]
  },
  {
    "Name": "MinimapPing",
    "Text": "$Where$에 미니맵 핑을 합니다.",
    "CodeText": "MinimapPing($Where$)",
    "ToolTip": "None",
    "ValuesDef": [
      "Where"
    ]
  },
  {
    "Name": "TalkingPortrait",
    "Text": "$Unit$의 포트레잇을 $Time$간 띄웁니다.",
    "CodeText": "TalkingPortrait($Unit$, $Time$)",
    "ToolTip": "None",
    "ValuesDef": [
      "Unit",
      "Time"
    ]
  },
  {
    "Name": "MuteUnitSpeech",
    "Text": "게임 소리를 끕니다.",
    "CodeText": "MuteUnitSpeech()",
    "ToolTip": "None",
    "ValuesDef": [
      "None"
    ]
  },
  {
    "Name": "UnMuteUnitSpeech",
    "Text": "게임 소리를 킵니다.",
    "CodeText": "UnMuteUnitSpeech()",
    "ToolTip": "None",
    "ValuesDef": [
      "None"
    ]
  },
  {
    "Name": "LeaderBoardComputerPlayers",
    "Text": "리더보드에 컴퓨터 플레이어를 $State$합니다.",
    "CodeText": "LeaderBoardComputerPlayers($State$)",
    "ToolTip": "None",
    "ValuesDef": [
      "State"
    ]
  },
  {
    "Name": "LeaderBoardGoalControl",
    "Text": "$Unit$의 보유 수가 $Goal$와 가장 가까운 순으로 $Label$리더보드로 띄웁니다.",
    "CodeText": "LeaderBoardGoalControl($Goal$, $Unit$, $Label$)",
    "ToolTip": "None",
    "ValuesDef": [
      "Goal",
      "Unit",
      "Label"
    ]
  },
  {
    "Name": "LeaderBoardGoalControlAt",
    "Text": "$Location$에 위치하는 $Unit$의 보유 수가 $Goal$와 가장 가까운 순으로 $Label$리더보드로 띄웁니다.",
    "CodeText": "LeaderBoardGoalControlAt($Goal$, $Unit$, $Location$, $Label$)",
    "ToolTip": "None",
    "ValuesDef": [
      "Goal",
      "Unit",
      "Location",
      "Label"
    ]
  },
  {
    "Name": "LeaderBoardGoalResources",
    "Text": "$ResourceType$의 채집 량이 $Goal$와 가장 가까운 순으로 $Label$리더보드로 띄웁니다.",
    "CodeText": "LeaderBoardGoalResources($Goal$, $ResourceType$, $Label$)",
    "ToolTip": "None",
    "ValuesDef": [
      "Goal",
      "ResourceType",
      "Label"
    ]
  },
  {
    "Name": "LeaderBoardGoalKills",
    "Text": "$Unit$을 죽인 수가 $Goal$와 가장 가까운 순으로 $Label$리더보드로 띄웁니다.",
    "CodeText": "LeaderBoardGoalKills($Goal$, $Unit$, $Label$)",
    "ToolTip": "None",
    "ValuesDef": [
      "Goal",
      "Unit",
      "Label"
    ]
  },
  {
    "Name": "LeaderBoardGoalScore",
    "Text": "$ScoreType$이 $Goal$와 가장 가까운 순으로 $Label$리더보드로 띄웁니다.",
    "CodeText": "LeaderBoardGoalScore($Goal$, $ScoreType$, $Label$)",
    "ToolTip": "None",
    "ValuesDef": [
      "Goal",
      "ScoreType",
      "Label"
    ]
  },
  {
    "Name": "MoveLocation",
    "Text": "$Location$을 $DestLocation$에 위치하는 $Owner$의 $OnUnit$으로 옮깁니다.",
    "CodeText": "MoveLocation($Location$, $OnUnit$, $Owner$, $DestLocation$)",
    "ToolTip": "None",
    "ValuesDef": [
      "Location",
      "OnUnit",
      "Owner",
      "DestLocation"
    ]
  },
  {
    "Name": "MoveUnit",
    "Text": "$Owner$의 $UnitType$을 $Count$만큼 $StartLocation$에서 $DestLocation$으로 옮깁니다.",
    "CodeText": "MoveUnit($Count$, $UnitType$, $Owner$, $StartLocation$, $DestLocation$)",
    "ToolTip": "None",
    "ValuesDef": [
      "Count",
      "UnitType",
      "Owner",
      "StartLocation",
      "DestLocation"
    ]
  },
  {
    "Name": "LeaderBoardGreed",
    "Text": "미네랄과 가스의 채집 량이 $Goal$와 가장 가까운 순으로 동시에 리더보드로 띄웁니다.",
    "CodeText": "LeaderBoardGreed($Goal$)",
    "ToolTip": "None",
    "ValuesDef": [
      "Goal"
    ]
  },
  {
    "Name": "SetNextScenario",
    "Text": "$ScenarioName$을 다음 시나리오로 설정합니다.",
    "CodeText": "SetNextScenario($ScenarioName$)",
    "ToolTip": "None",
    "ValuesDef": [
      "ScenarioName"
    ]
  },
  {
    "Name": "SetDoodadState",
    "Text": "$Where$에 위치하는 $Owner$의 $Unit$를 $State$로 설정합니다.",
    "CodeText": "SetDoodadState($State$, $Unit$, $Owner$, $Where$)",
    "ToolTip": "None",
    "ValuesDef": [
      "State",
      "Unit",
      "Owner",
      "Where"
    ]
  },
  {
    "Name": "SetInvincibility",
    "Text": "$Where$에 위치하는 $Owner$의 $Unit$의 무적 상태를 $State$로 설정합니다.",
    "CodeText": "SetInvincibility($State$, $Unit$, $Owner$, $Where$)",
    "ToolTip": "None",
    "ValuesDef": [
      "State",
      "Unit",
      "Owner",
      "Where"
    ]
  },
  {
    "Name": "CreateUnit",
    "Text": "$ForPlayer$의 $Unit$을 $Number$만큼 $Where$에 생성합니다.",
    "CodeText": "CreateUnit($Number$, $Unit$, $Where$, $ForPlayer$)",
    "ToolTip": "None",
    "ValuesDef": [
      "Number",
      "Unit",
      "Where",
      "ForPlayer"
    ]
  },
  {
    "Name": "SetDeaths",
    "Text": "$Player$의 $Unit$가 죽은 수를 $Number$만큼 $Modifier$합니다.",
    "CodeText": "SetDeaths($Player$, $Modifier$, $Number$, $Unit$)",
    "ToolTip": "None",
    "ValuesDef": [
      "Player",
      "Modifier",
      "Number",
      "Unit"
    ]
  },
  {
    "Name": "Order",
    "Text": "$Owner$의 $Unit$를 $StartLocation$에서 $DestLocation$까지 $OrderType$합니다.",
    "CodeText": "Order($Unit$, $Owner$, $StartLocation$, $OrderType$, $DestLocation$)",
    "ToolTip": "None",
    "ValuesDef": [
      "Unit",
      "Owner",
      "StartLocation",
      "OrderType",
      "DestLocation"
    ]
  },
  {
    "Name": "Comment",
    "Text": "$Text$으로 주석처리합니다.",
    "CodeText": "Comment($Text$)",
    "ToolTip": "None",
    "ValuesDef": [
      "Text"
    ]
  },
  {
    "Name": "GiveUnits",
    "Text": "$Where$에 위치하는 $Owner$의 $Unit$을 $Count$만큼 $NewOwner$에게 줍니다.",
    "CodeText": "GiveUnits($Count$, $Unit$, $Owner$, $Where$, $NewOwner$)",
    "ToolTip": "None",
    "ValuesDef": [
      "Count",
      "Unit",
      "Owner",
      "Where",
      "NewOwner"
    ]
  },
  {
    "Name": "ModifyUnitHitPoints",
    "Text": "$Where$에 위치하는 $Owner$소유의 $Unit$, $Count$의 체력을 $Percent$%로 설정합니다.",
    "CodeText": "ModifyUnitHitPoints($Count$, $Unit$, $Owner$, $Where$, $Percent$)",
    "ToolTip": "None",
    "ValuesDef": [
      "Count",
      "Unit",
      "Owner",
      "Where",
      "Percent"
    ]
  },
  {
    "Name": "ModifyUnitEnergy",
    "Text": "$Where$에 위치하는 $Owner$소유의 $Unit$, $Count$의 에너지를 $Percent$%로 설정합니다.",
    "CodeText": "ModifyUnitEnergy($Count$, $Unit$, $Owner$, $Where$, $Percent$)",
    "ToolTip": "None",
    "ValuesDef": [
      "Count",
      "Unit",
      "Owner",
      "Where",
      "Percent"
    ]
  },
  {
    "Name": "ModifyUnitShields",
    "Text": "$Where$에 위치하는 $Owner$소유의 $Unit$, $Count$의 쉴드를 $Percent$%로 설정합니다.",
    "CodeText": "ModifyUnitShields($Count$, $Unit$, $Owner$, $Where$, $Percent$)",
    "ToolTip": "None",
    "ValuesDef": [
      "Count",
      "Unit",
      "Owner",
      "Where",
      "Percent"
    ]
  },
  {
    "Name": "ModifyUnitResourceAmount",
    "Text": "$Where$에 위치하는 $Owner$소유의 자원 $Count$개의 매장량을 $NewValue$로 설정합니다.",
    "CodeText": "ModifyUnitResourceAmount($Count$, $Owner$, $Where$, $NewValue$)",
    "ToolTip": "None",
    "ValuesDef": [
      "Count",
      "Owner",
      "Where",
      "NewValue"
    ]
  },
  {
    "Name": "ModifyUnitHangarCount",
    "Text": "$Where$에 위치하는 $Owner$소유의 $Unit$, $Count$의 격납 유닛을 $Add$만큼 추가합니다.",
    "CodeText": "ModifyUnitHangarCount($Add$, $Count$, $Unit$, $Owner$, $Where$)",
    "ToolTip": "None",
    "ValuesDef": [
      "Add",
      "Count",
      "Unit",
      "Owner",
      "Where"
    ]
  },
  {
    "Name": "PauseTimer",
    "Text": "타이머를 멈춥니다.",
    "CodeText": "PauseTimer()",
    "ToolTip": "None",
    "ValuesDef": [
      "None"
    ]
  },
  {
    "Name": "UnpauseTimer",
    "Text": "타이머를 다시 작동시킵니다.",
    "CodeText": "UnpauseTimer()",
    "ToolTip": "None",
    "ValuesDef": [
      "None"
    ]
  },
  {
    "Name": "Draw",
    "Text": "게임에서 비깁니다.",
    "CodeText": "Draw()",
    "ToolTip": "None",
    "ValuesDef": [
      "None"
    ]
  },
  {
    "Name": "SetAllianceStatus",
    "Text": "$Player$와의 동맹상태를 $Status$로 설정합니다.",
    "CodeText": "SetAllianceStatus($Player$, $Status$)",
    "ToolTip": "None",
    "ValuesDef": [
      "Player",
      "Status"
    ]
  },
  {
    "Name": "EUDPart",
    "Text": "EUDPart",
    "CodeText": "EUDPart",
    "ToolTip": "EUDPart",
    "ValuesDef": [
      "EUDPart"
    ]
  },
  {
    "Name": "EUDTurbo",
    "Text": "EUD터보를 사용합니다.",
    "CodeText": "SetMemory(0x6509A0, SetTo, 0)",
    "ToolTip": "None",
    "ValuesDef": [
      "None"
    ]
  },
  {
    "Name": "SetMemory",
    "Text": "메모리 주소 $Offset$을 $Number$로 $Modifier$합니다.",
    "CodeText": "SetMemory($Offset$, $Modifier$, $Number$)",
    "ToolTip": "None",
    "ValuesDef": [
      "Offset",
      "Number",
      "Modifier"
    ]
  },
  {
    "Name": "SetMemoryEPD",
    "Text": "메모리 주소 EPD $Offset$을 $Number$로 $Modifier$합니다.",
    "CodeText": "SetMemoryEPD($Offset$, $Modifier$, $Number$)",
    "ToolTip": "None",
    "ValuesDef": [
      "Offset",
      "Number",
      "Modifier"
    ]
  },
  {
    "Name": "SetCurrentPlayer",
    "Text": "현재 플레이어를 $Player$로 설정합니다.",
    "CodeText": "setcurpl($Player$)",
    "ToolTip": "None",
    "ValuesDef": [
      "Player"
    ]
  },
  {
    "Name": "SetKills",
    "Text": "$Player$가 $Unit$을 잡은 수를 $Number$만큼 $Modifier$합니다.",
    "CodeText": "SetMemoryEPD(EPD(0x5878A4) + $$Player$ + $U($Unit$) * 12, $Modifier$, $Number$)",
    "ToolTip": "None",
    "ValuesDef": [
      "Player",
      "Unit",
      "Number",
      "Modifier"
    ]
  },
  {
    "Name": "SetLight",
    "Text": "화면의 밝기를 $Number$만큼 $Modifier$합니다.",
    "CodeText": "SetMemoryEPD(EPD(0x657A9C), $Modifier$, $Number$)",
    "ToolTip": "None",
    "ValuesDef": [
      "Number",
      "Modifier"
    ]
  },
  {
    "Name": "CreatePlayerVariable",
    "Text": "플레이어 변수 $Name$를 선언합니다.",
    "CodeText": "const $Name$ = [0, 0, 0, 0, 0, 0, 0, 0];",
    "ToolTip": "None",
    "ValuesDef": [
      "Name",
    ]
  },
  {
    "Name": "CreateVariable",
    "Text": "변수 $Name$를 초기값 $Count$으로 선언합니다.",
    "CodeText": "var $Name$ = $Count$",
    "ToolTip": "변수를 선언하고 초기화 합니다.",
    "ValuesDef": [
      "Name",
      "Count"
    ]
  },
  {
    "Name": "CreateVariableWithNoini",
    "Text": "변수 $Name$를 선언합니다.",
    "CodeText": "var $Name$",
    "ToolTip": "변수를 선언합니다.",
    "ValuesDef": [
      "Name"
    ]
  },
  {
    "Name": "Rand",
    "Text": "변수 $Variable$를 0부터 $Count$까지의 난수만큼 $VariableModifier$합니다.",
    "CodeText": "$Variable$ $VariableModifier$ dwrand() % $Count$",
    "ToolTip": "변수를 설정합니다.",
    "ValuesDef": [
      "Variable",
      "Count",
      "VariableModifier"
    ]
  },
  {
    "Name": "SetVariable",
    "Text": "변수 $Variable$를 $Count$만큼 $VariableModifier$합니다.",
    "CodeText": "$Variable$ $VariableModifier$ $Count$",
    "ToolTip": "변수를 설정합니다.",
    "ValuesDef": [
      "Variable",
      "Count",
      "VariableModifier"
    ]
  },
  {
    "Name": "SetVariableDatFile",
    "Text": "$DatFile$ $Object$의 $OffsetName$을 $Variable$에 $VariableModifier$합니다.",
    "CodeText": "$Variable$ $VariableModifier$ $writedef$read($DatFile$ + $OffsetName$ + $Object$ * &SIZE&)",
    "ToolTip": "None",
    "ValuesDef": [
      "DatFile",
      "Object",
      "OffsetName",
      "Variable",
      "VariableModifier"
    ]
  },
  {
    "Name": "SetVariableCUnitData",
    "Text": "구조오프셋Ptr $UnitPTR$의 $StructOffset$을 $Variable$에 $VariableModifier$합니다.",
    "CodeText": "$Variable$ $VariableModifier$ $writedef$read($UnitPTR$ + $StructOffset$)",
    "ToolTip": "None",
    "ValuesDef": [
      "UnitPTR",
      "StructOffset",
      "Variable",
      "VariableModifier"
    ]
  },
  {
    "Name": "SetVariableCUnitDataEPD",
    "Text": "구조오프셋EPD $UnitEPD$의 $StructOffset$을 $Variable$에 $VariableModifier$합니다.",
    "CodeText": "$Variable$ $VariableModifier$ $writedef$read_epd($UnitEPD$ + $StructOffset$ / 4)",
    "ToolTip": "None",
    "ValuesDef": [
      "UnitEPD",
      "StructOffset",
      "Variable",
      "VariableModifier"
    ]
  },
  {
    "Name": "SetButton",
    "Text": "$UnitBtn$을 $BtnData$로 교체합니다.",
    "CodeText": "SetMemoryEPD($UnitBtn$, SetTo, Offset1);\r\nSetMemoryEPD($UnitBtn$ + 1, SetTo, Offset2);\r\nSetMemoryEPD($UnitBtn$ + 2, SetTo, Offset3);\r\nSetMemoryEPD($UnitBtn$ + 3, SetTo, Offset4);\r\nSetMemoryEPD($UnitBtn$ + 4, SetTo, Offset5);",
    "ToolTip": "None",
    "ValuesDef": [
      "UnitBtn",
      "BtnData"
    ]
  },
  {
    "Name": "ButtonRefresh",
    "Text": "버튼을 다시그립니다.",
    "CodeText": "var btntemp1;\r\nvar btntemp2;\r\nbtntemp1 = wread(0x65FD00 + 6168 + 73 * 2);\r\nwwrite(0x65FD00 + 6168 + 73 * 2, 2);\r\nbtntemp2 = dwread_epd(EPD(0x628438));\r\nCreateUnit(1, 73, 64, 7);\r\nwwrite(btntemp2 + 0x110, 1);\r\nwwrite(0x65FD00 + 6168 + 73 * 2, btntemp1);",
    "ToolTip": "None",
    "ValuesDef": [
      "None"
    ]
  },
  {
    "Name": "ChangeStarText",
    "Text": "$stat_txt$의 $Number$번 내용물을 $Text$로 교체합니다.",
    "CodeText": "tct.setTbl($stat_txt$, Offset, len, Dummy);\r\ntct.setTbl($stat_txt$, Offset, len, $Text$)",
    "ToolTip": "None",
    "ValuesDef": [
      "stat_txt",
      "Number",
      "Text"
    ]
  },
  {
    "Name": "ChangeButtonEnableMsg",
    "Text": "버튼 사용가능 문자열 $BtnEnableTxt$의 $Number$번 내용물을 $Text$로 교체합니다.",
    "CodeText": "tct.setTbl($BtnEnableTxt$, Offset, len, Dummy);\r\ntct.setTbl($BtnEnableTxt$, Offset, len, $Text$)",
    "ToolTip": "None",
    "ValuesDef": [
      "BtnEnableTxt",
      "Number",
      "Text"
    ]
  },
  {
    "Name": "ChangeButtonUnEnableMsg",
    "Text": "버튼 사용불가 문자열 $BtnUnEnableTxt$의 $Number$번 내용물을 $Text$로 교체합니다.",
    "CodeText": "tct.setTbl($BtnUnEnableTxt$, Offset, len, Dummy);\r\ntct.setTbl($BtnUnEnableTxt$, Offset, len, $Text$)",
    "ToolTip": "None",
    "ValuesDef": [
      "BtnUnEnableTxt",
      "Number",
      "Text"
    ]
  },
  {
    "Name": "SetUpgradeResearched",
    "Text": "$Player$의 $Upgrade$의 현재 수치를 $Count$로 설정합니다.",
    "CodeText": "bwrite(0x58D2B0 + $Upgrade$ + $Player$ * (46 - 31 * ($Upgrade$ / 46)) + 0x207C * ($Upgrade$ / 46), $Count$)",
    "ToolTip": "None",
    "ValuesDef": [
      "Player",
      "Upgrade",
      "Count"
    ]
  },
  {
    "Name": "AddUpgradeResearched",
    "Text": "$Player$의 $Upgrade$의 현재 수치를 $Count$만큼 더합니다.",
    "CodeText": "SetMemoryEPD(3027 + (2079 * ($Upgrade$ / 46)) + ($Upgrade$ + $Player$ * (46 - 31 * ($Upgrade$ / 46))) / 4, Add, $Count$ * (1 << 8 * (($Upgrade$ + $Player$ * (2 + 1 * ($Upgrade$ / 46))) % 4)))",
    "ToolTip": "None",
    "ValuesDef": [
      "Player",
      "Upgrade",
      "Count"
    ]
  },
  {
    "Name": "SetUpgradeAvailable",
    "Text": "$Player$의 $Upgrade$의 최대치를 $Count$로 설정합니다.",
    "CodeText": "bwrite(0x58D088 + $Upgrade$ + $Player$ * (46 - 31 * ($Upgrade$ / 46)) + 0x21F0 * ($Upgrade$ / 46), $Count$)",
    "ToolTip": "None",
    "ValuesDef": [
      "Player",
      "Upgrade",
      "Count"
    ]
  },
  {
    "Name": "AddUpgradeAvailable",
    "Text": "$Player$의 $Upgrade$의 최대치를 $Count$만큼 더합니다.",
    "CodeText": "SetMemoryEPD(2889 + (2172 * ($Upgrade$ / 46)) + ($Upgrade$ + $Player$ * (46 - 31 * ($Upgrade$ / 46))) / 4, Add, $Count$ * (1 << 8 * (($Upgrade$ + $Player$ * (2 + 1 * ($Upgrade$ / 46))) % 4)))",
    "ToolTip": "None",
    "ValuesDef": [
      "Player",
      "Upgrade",
      "Count"
    ]
  },
  {
    "Name": "SetTechnologiesResearched",
    "Text": "$Player$의 $Techdata$의 현재 수치를 $Count$로 설정합니다.",
    "CodeText": "bwrite(0x58CF44 + $Techdata$ + $Player$ * (24 - 4 * ($Techdata$ / 24)) + 0x21FC * ($Techdata$ / 24), $Count$)",
    "ToolTip": "None",
    "ValuesDef": [
      "Player",
      "Techdata",
      "Count"
    ]
  },
  {
    "Name": "AddTechnologiesResearched",
    "Text": "$Player$의 $Techdata$의 현재 수치를 $Count$만큼 더합니다.",
    "CodeText": "SetMemoryEPD(2808 + (2175 * ($Techdata$ / 24)) + ($Techdata$ + $Player$ * (24 - 4 * ($Techdata$ / 24))) / 4, Add, $Count$ * (1 << 8 * ($Techdata$ % 4)))",
    "ToolTip": "None",
    "ValuesDef": [
      "Player",
      "Techdata",
      "Count"
    ]
  },
  {
    "Name": "SetTechnologiesAvailable",
    "Text": "$Player$의 $Techdata$의 최대치를 $Count$로 설정합니다.",
    "CodeText": "bwrite(0x58CE24 + $Techdata$ + $Player$ * (24 - 4 * ($Techdata$ / 24)) + 0x222C * ($Techdata$ / 24), $Count$)",
    "ToolTip": "None",
    "ValuesDef": [
      "Player",
      "Techdata",
      "Count"
    ]
  },
  {
    "Name": "AddTechnologiesAvailable",
    "Text": "$Player$의 $Techdata$의 최대치를 $Count$만큼 더합니다.",
    "CodeText": "SetMemoryEPD(2736 + (2187 * ($Techdata$ / 24)) + ($Techdata$ + $Player$ * (24 - 4 * ($Techdata$ / 24))) / 4, Add, $Count$ * (1 << 8 * ($Techdata$ % 4)))",
    "ToolTip": "None",
    "ValuesDef": [
      "Player",
      "Techdata",
      "Count"
    ]
  },
  {
    "Name": "SetDatfile",
    "Text": "$DatFile$ $Object$의 $OffsetName$을 $DValue$로 설정합니다.",
    "CodeText": "$writedef$write($DatFile$ + $OffsetName$ + $Object$ * &SIZE&, $DValue$)",
    "ToolTip": "None",
    "ValuesDef": [
      "DatFile",
      "Object",
      "OffsetName",
      "DValue"
    ]
  },
  {
    "Name": "AddDatfile",
    "Text": "$DatFile$ $Object$의 $OffsetName$을 $DValue$만큼 더합니다.",
    "CodeText": "$writedef$write($DatFile$ + $OffsetName$ + $Object$ * &SIZE&, $writedef$read($DatFile$ + $OffsetName$ + $Object$ * &SIZE&) + $DValue$)",
    "ToolTip": "None",
    "ValuesDef": [
      "DatFile",
      "Object",
      "OffsetName",
      "DValue"
    ]
  },
  {
    "Name": "STRUCTPart",
    "Text": "STRUCTPart",
    "CodeText": "STRUCTPart",
    "ToolTip": "STRUCTPart",
    "ValuesDef": [
      "STRUCTPart"
    ]
  },
  {
    "Name": "SetNextUnitPtr",
    "Text": "변수 $Variable$에 생성될 유닛의 포인터를 Ptr로 저장합니다.",
    "CodeText": "$Variable$ = dwread_epd(EPD(0x628438))",
    "ToolTip": "None",
    "ValuesDef": [
      "Variable"
    ]
  },
  {
    "Name": "SetNextUnitEPD",
    "Text": "변수 $Variable$에 생성될 유닛의 포인터를 EPD로 저장합니다.",
    "CodeText": "$Variable$ = epdread_epd(EPD(0x628438))",
    "ToolTip": "None",
    "ValuesDef": [
      "Variable"
    ]
  },
  {
    "Name": "SetCUnitData",
    "Text": "구조오프셋Ptr $UnitPTR$의 $StructOffset$을 $SValue$로 설정합니다.",
    "CodeText": "$writedef$write($UnitPTR$ + $StructOffset$, $SValue$)",
    "ToolTip": "None",
    "ValuesDef": [
      "UnitPTR",
      "StructOffset",
      "SValue"
    ]
  },
  {
    "Name": "AddCUnitData",
    "Text": "구조오프셋Ptr $UnitPTR$의 $StructOffset$을 $SValue$만큼 더합니다.",
    "CodeText": "$writedef$write($UnitPTR$ + $StructOffset$, $writedef$read($UnitPTR$ + $StructOffset$) + $SValue$)",
    "ToolTip": "None",
    "ValuesDef": [
      "UnitPTR",
      "StructOffset",
      "SValue"
    ]
  },
  {
    "Name": "SetCUnitDataEPD",
    "Text": "구조오프셋EPD $UnitEPD$의 $StructOffset$을 $SValue$로 설정합니다.",
    "CodeText": "$writedef$write_epd($UnitEPD$ + $StructOffset$ / 4, $SValue$)",
    "ToolTip": "None",
    "ValuesDef": [
      "UnitEPD",
      "StructOffset",
      "SValue"
    ]
  },
  {
    "Name": "AddCUnitDataEPD",
    "Text": "구조오프셋EPD $UnitEPD$의 $StructOffset$을 $SValue$만큼 더합니다.",
    "CodeText": "$writedef$write_epd($UnitEPD$ + $StructOffset$, $writedef$read($UnitEPD$ + $StructOffset$ / 4) + $SValue$)",
    "ToolTip": "None",
    "ValuesDef": [
      "UnitEPD",
      "StructOffset",
      "SValue"
    ]
  },
  {
    "Name": "CUSTOMPart",
    "Text": "CUSTOMPart",
    "CodeText": "CUSTOMPart",
    "ToolTip": "CUSTOMPart",
    "ValuesDef": [
      "CUSTOMPart"
    ]
  },
  {
    "Name": "RawCode",
    "Text": "코드 : $RawString$",
    "CodeText": "$RawString$",
    "ToolTip": "None",
    "ValuesDef": [
      "RawString"
    ]
  },
  {
    "Name": "BGMStop",
    "Text": "$Player$의 재생중인 BGM을 멈춥니다.",
    "CodeText": "BGM.Stop($Player$)",
    "ToolTip": "None",
    "ValuesDef": [
      "Player"
    ]
  },
  {
    "Name": "BGMResume",
    "Text": "$Player$의 멈췄던 BMG을 다시 재생합니다.",
    "CodeText": "BGM.Resume($Player$)",
    "ToolTip": "None",
    "ValuesDef": [
      "Player"
    ]
  },
  {
    "Name": "BGMPlay",
    "Text": "$Player$의 $BGM$을 $BGMFlag$로 재생합니다.",
    "CodeText": "BGM.Play($Player$, $BGM$, $BGMFlag$)",
    "ToolTip": "None",
    "ValuesDef": [
      "Player",
      "BGM",
      "BGMFlag"
    ]
  },
  {
    "Name": "ChatWrite",
    "Text": "$Text$를 모든플레이어에게 $Line$라인에 보여줍니다.",
    "CodeText": "tct.chatwrite($Line$, $Text$)",
    "ToolTip": "None",
    "ValuesDef": [
      "Line",
      "Text"
    ]
  },
  {
    "Name": "ChatAnnouncement",
    "Text": "$CText$를 모든플레이어에게 안내 메세지로 보여줍니다.",
    "CodeText": "tct.chatprint(12, $CText$)",
    "ToolTip": "None",
    "ValuesDef": [
      "Player",
      "CText"
    ]
  },
  {
    "Name": "DisplayCText",
    "Text": "$CText$를 $DisplayOption$의 옵션으로 보여줍니다.",
    "CodeText": "tct.print($CText$)",
    "ToolTip": "None",
    "ValuesDef": [
      "CText",
      "DisplayOption"
    ]
  },
  {
    "Name": "MakeCText",
    "Text": "$Text$를 초기 상태로 설정합니다.",
    "CodeText": "tct.makeText($Text$)",
    "ToolTip": "None",
    "ValuesDef": [
      "Text"
    ]
  },
  {
    "Name": "AddCText",
    "Text": "$Text$를 텍스트로 ct에 추가합니다.",
    "CodeText": "tct.addText($Text$)",
    "ToolTip": "None",
    "ValuesDef": [
      "Text"
    ]
  },
  {
    "Name": "AddCode",
    "Text": "$RawString$를 코드로 ct에 추가합니다.",
    "CodeText": "tct.addText($RawString$)",
    "ToolTip": "None",
    "ValuesDef": [
      "RawString"
    ]
  },
  {
    "Name": "DisplaySavedCText",
    "Text": "저장된 CText를 $DisplayOption$의 옵션으로 보여줍니다.",
    "CodeText": "DisplayText(tct.strBuffer)",
    "ToolTip": "None",
    "ValuesDef": [
      "DisplayOption"
    ]
  }
]