﻿{
    "Button14": "삽입(&W)",
    "Button17": "EDD(&D)",
    "Button18": "열기(&M)",
    "Button4": "트리거보기(&T)",
    "Button16": "복사(&E)",
    "Button2": "DatEdit",
    "Button3": "FireGraft",
    "Button5": "BinEditor",
    "Button6": "TileSet",
    "Button7": "BGMPlayer",
    "Button15": "FileManager",
    "Button8": "GRP",
    "Button9": "TriggerEditor",
    "Button10": "Plugin",
    "Button13": "MPQ",
    "Button1": "설정",
    "Button11": "파일 설정",
    "Button12": "디버그",
    "MenuStrip1": "MenuStrip1",
    "OpenFilter": "EUDEditor 세이브파일|*.e2p;*.e2s;*.ees;*.mem|e2p 파일|*.e2p|e2s 파일|*.e2s|ess 파일|*.ees|mem 파일|*.mem",
    "SaveFilter": "e2s 파일|*.e2s|e2p 파일|*.e2p",
    "MapisNotExit": "맵 파일이 존재하지 않습니다.",
    "CHKMsg": "CHK데이터 읽어오기가 활성화 되어야 합니다.",
    "CheckBox1": "자동컴파일"
}
