﻿{
    "Button14": "&Insert",
    "Button17": "E&DD",
    "Button18": "O&pen",
    "Button4": "View Trigger(&T)",
    "Button16": "Copy(&E)",
    "Button2": "DatEdit",
    "Button3": "FireGraft",
    "Button5": "BinEditor",
    "Button6": "TileSet",
    "Button7": "BGMPlayer",
    "Button15": "FileManager",
    "Button8": "GRP",
    "Button9": "TriggerEditor",
    "Button10": "Plugin",
    "Button13": "MPQ",
    "Button1": "Settings",
    "Button11": "Files",
    "Button12": "Debug",
    "MenuStrip1": "MenuStrip1",
    "OpenFilter": "EUDEditor SaveFile|*.e2p;*.e2s;*.ees;*.mem|e2p File|*.e2p|e2s File|*.e2s|ess File|*.ees|mem File|*.mem",
    "SaveFilter": "e2s File|*.e2s|e2p File|*.e2p",
    "MapisNotExit":"The map file does not exist.",
    "CHKMsg": "CHK data read must be enabled.",
    "CheckBox1": "AutoCompile"
}