﻿{
    "새로만들기NToolStripMenuItem1": "New(&N)",
    "ToolStripMenuItem1": "Folder",
    "조건ToolStripMenuItem": "Condition",
    "액션ToolStripMenuItem": "Action",
    "대기하기ToolStripMenuItem": "Wait",
    "If문ToolStripMenuItem": "If",
    "IfElse문ToolStripMenuItem": "IfElse",
    "For문ToolStripMenuItem": "For",
    "While문ToolStripMenuItem": "While",
    "함수FToolStripMenuItem": "Function(&F)",
    "함수ToolStripMenuItem": "Function",
    "함수정의ToolStripMenuItem": "Function Def",
    "인수ToolStripMenuItem": "Factor Def",
    "함수저장ToolStripMenuItem": "Function Save",
    "함수불러오기ToolStripMenuItem": "Function Load",
    "FoldMenuItem": "Fold",
    "UnFoldMenuItem": "UnFold",
    "수정ToolStripMenuItem": "Edit(Enter)",
    "잘라내기XToolStripMenuItem": "Cut(&X)",
    "복사VToolStripMenuItem": "Copy(&C)",
    "붙혀넣기CToolStripMenuItem": "Paste(&V)",
    "삭제DToolStripMenuItem": "Delete(&D)",
    "ToolStripMenuItem2": "ClassicTrigger"
}
