﻿{
    "TabPage1": "Unit",
    "Label24": "UnitName",
    "TabPage9": "Basic",
    "GroupBox5": "Space",
    "Label18": "Provided",
    "Label17": "Required",
    "GroupBox6": "Score",
    "Label20": "Destroy",
    "Label19": "Build",
    "GroupBox7": "Other Properties",
    "Label23": "Traget Acquisition Range",
    "Label22": "Sight",
    "Label21": "Unit size",
    "GroupBox4": "Population",
    "Label16": "Supply",
    "Label15": "Required",
    "GroupBox3": "Weapon",
    "Label13": "Max Hits",
    "Label14": "Max Hits",
    "Button4": "Jump",
    "Label12": "Air weapon",
    "Button3": "Jump",
    "Label11": "Ground weapon",
    "GroupBox2": "Build cost",
    "Label5": "BroodWar",
    "CheckBox2": "Use",
    "Label10": "Time",
    "Label9": "Gas",
    "Label8": "Mineral",
    "GroupBox1": "Vital Statistics",
    "Button51": "Jump",
    "Label2": "Shields",
    "CheckBox1": "Use",
    "Label4": "Armor",
    "Label3": "Upgrade",
    "Label1": "Hit Points",
    "TabPage10": "Advanced",
    "GroupBox9": "Other Properties",
    "Label126": "Unknown",
    "Label28": "Infected Unit",
    "Button6": "Jump",
    "Label29": "SubUnit1",
    "Button2": "Jump",
    "Button1": "Jump",
    "Label30": "SubUnit2",
    "GroupBox8": "Special Ability Flag",
    "TabPage11": "Sound",
    "GroupBox10": "Sound",
    "Label64": "Annoyed",
    "Label63": "What",
    "Label62": "Yes",
    "Label61": "Ready",
    "Button12": "Jump",
    "Label36": "Annoyed(Last)",
    "Button13": "Jump",
    "Label37": "Annoyed(First)",
    "Button10": "Jump",
    "Label34": "What(Last)",
    "Button11": "Jump",
    "Label35": "What(First)",
    "Button9": "Jump",
    "Label33": "Yes(Last)",
    "Button8": "Jump",
    "Label32": "Yes(First)",
    "Button7": "Jump",
    "Label31": "Ready",
    "TabPage12": "Graphics",
    "Label60": "Construction",
    "CheckBox4": "Frame Play",
    "GroupBox17": "Placement Box",
    "Label51": "Heght",
    "Label52": "Width",
    "CheckBox3": "View line",
    "Label59": "color",
    "GroupBox13": "Add-on Position",
    "Label47": "Ver(Y)",
    "Label48": "Hor(X)",
    "GroupBox12": "Unit size (pixels)",
    "Label46": "Down",
    "Label45": "Up",
    "Label44": "Right",
    "Label43": "Left",
    "GroupBox11": "Unit picture Properties",
    "Label42": "Direction",
    "Label41": "Elevation Level",
    "Button14": "Jump",
    "Label38": "Idle Portrait",
    "Button15": "Jump",
    "Label39": "Construction",
    "Button16": "Jump",
    "Label40": "Graphics",
    "TabPage13": "StarEdit",
    "GroupBox16": "String Properties",
    "Button45": "Edit",
    "Label50": "Map String",
    "Label49": "Rank/Sublabel",
    "GroupBox15": "Group Flags",
    "GroupBox14": "Availability Flags",
    "TabPage14": "AI Actions",
    "GroupBox18": "AI Actions",
    "Label58": "Right-click Action",
    "Button17": "Jump",
    "Label53": "Attack & Move",
    "Button18": "Jump",
    "Label54": "Attack Unit",
    "Button19": "Jump",
    "Label55": "Return to Idle",
    "Button20": "Jump",
    "Label56": "Human Idle",
    "Button21": "Jump",
    "Label57": "Computer Idle",
    "TabPage2": "Weapon",
    "GroupBox24": "Target Flags",
    "GroupBox23": "Graphical Properties",
    "Label82": "Launch Spin",
    "Label83": "Attack Angle",
    "Label80": "Y Offset",
    "Label81": "X Offset",
    "Label79": "Icon",
    "Button22": "Jump",
    "Label78": "Remove After",
    "Label77": "Graphics",
    "Label76": "Behaviour",
    "GroupBox22": "Splash Radii",
    "Label73": "Outer",
    "Label71": "Middle",
    "Label72": "Inner",
    "GroupBox21": "Weapon Range",
    "Label68": "Max",
    "Label67": "Min",
    "GroupBox20": "Weapon Display",
    "Button47": "Edit",
    "Button46": "Edit",
    "Label75": "Error Msg",
    "Label74": "Label",
    "GroupBox19": "Damage Properties",
    "Button52": "Jump",
    "Label70": "Unused",
    "Label69": "Effect",
    "Label66": "Damage type",
    "Label65": "Upgrade",
    "Label7": "Cooldown",
    "Label6": "Factor",
    "Label25": "Damage",
    "Label26": "Bonus",
    "TabPage3": "Flingy",
    "GroupBox25": "General Properties",
    "Label127": "Unused",
    "Label89": "Move Control",
    "Label88": "Turn radius",
    "Label87": "Halt Distance",
    "Label86": "Acceleration",
    "Label85": "Top Speed",
    "Button23": "Jump",
    "Label84": "Sprite",
    "TabPage4": "Sprite",
    "GroupBox27": "Preview",
    "CheckBox7": "Frame playback",
    "GroupBox26": "Sprite Properties",
    "Label95": "Vert. Position",
    "Button25": "Jump",
    "Label94": "Health Bar",
    "Label93": "Sel.Circle Image",
    "Label91": "Visible",
    "CheckBox6": "Use",
    "Button24": "Jump",
    "Label90": "Image",
    "TabPage5": "Image",
    "TabPage18": "Graphic Properties",
    "Button44": "Internal",
    "Button42": "External",
    "Button43": "Delete",
    "Label145": "GRPEditor",
    "GroupBox43": "Drawing Properties",
    "Label135": "Remapping",
    "Label134": "Func",
    "GroupBox46": "Script",
    "GroupBox45": "Preview",
    "Label146": "255",
    "GroupBox41": "Image file",
    "Button41": "GRPEditor",
    "Label142": "Iscript ID",
    "Label143": "GRP file",
    "TabPage17": "General Properties",
    "GroupBox44": "Additional Overlay Position",
    "Label144": "None = 0, Small = 133, Medium = 2, Large = 184",
    "Button40": "Jump",
    "Label141": "Shield Gfx",
    "Button39": "Jump",
    "Label140": "Lift-off Dust",
    "Button38": "Jump",
    "Label139": "Landing Dust",
    "Button37": "Jump",
    "Label138": "Special",
    "Button36": "Jump",
    "Label137": "Damage",
    "Button35": "Jump",
    "Label136": "Attack",
    "GroupBox42": "General Properties",
    "TabPage6": "Upgrade",
    "GroupBox31": "Upgrade Properties",
    "Label128": "Unknown",
    "Label103": "BroodWar",
    "CheckBox8": "Use",
    "Label105": "Race",
    "Label104": "Max Repects",
    "GroupBox30": "Factor Cost",
    "Label100": "Time",
    "Label101": "Gas",
    "Label102": "Mineral",
    "GroupBox29": "Base cost",
    "Label97": "Time",
    "Label98": "Gas",
    "Label99": "Mineral",
    "GroupBox28": "Upgrade Display",
    "Button48": "Edit",
    "Label96": "Label",
    "Label92": "Icon",
    "TabPage7": "Tech",
    "GroupBox34": "Technology Properties",
    "Label130": "Unknown",
    "Label129": "Unused",
    "CheckBox10": "Use",
    "Label111": "BroodWar",
    "CheckBox9": "Use",
    "Label112": "Race",
    "GroupBox32": "Cost",
    "Label113": "Energy",
    "Label106": "Time",
    "Label107": "Gas",
    "Label108": "Mineral",
    "GroupBox33": "Technology Display",
    "Button49": "Edit",
    "Label109": "Label",
    "Label110": "Icon",
    "TabPage8": "Order",
    "GroupBox36": "Properties",
    "GroupBox35": "Order Properties",
    "Button50": "Edit",
    "Label131": "Unknown",
    "Button27": "Jump",
    "Button26": "Jump",
    "Label119": "Highlight",
    "Label118": "Animation",
    "Label117": "Label",
    "Label116": "Obscured",
    "Label115": "Energy",
    "Label114": "Targeting",
    "TabPage15": "Sound",
    "Button31": "Insert",
    "Button32": "Delete",
    "Label132": "MPQEditor",
    "GroupBox38": "General Properties",
    "Label123": "Unknown 4",
    "Label124": "Unknown 3",
    "Label121": "Unknown 2",
    "Label122": "Unknown 1",
    "GroupBox37": "Sound",
    "Button28": "Play",
    "Label120": "File",
    "Button29": "MPQEditor",
    "TabPage16": "Portrait",
    "GroupBox40": "File list",
    "Button33": "Insert",
    "Button34": "Delete",
    "Label133": "MPQEditor",
    "GroupBox39": "Portrait",
    "Label125": "File",
    "Button30": "MPQEditor",
    "Label27": "Filter",
    "CheckBox5": "Edit",
    "Button5": "Fold",
    "Fold": "Fold",
    "UnFold": "UnFold",
    "MenuStrip1": "MenuStrip1"
}