﻿{
    "TESTAlter": "본 버전은 테스트 버전입니다.",
    "SaveMsg": "변경 내용을 $S$에 저장하시겠습니까?",
    "Invalide2s": "올바른 e2s파일이 아닙니다.",
    "TESTVMsg": "TEST버전은 같은 버전만 열 수 있습니다.",
    "LodingError": "$S0$을 불러오는 중에 문제가 생겼습니다.\n프로그램 버전 :$S1$\n세이브파일 버전 :$S2$",
    "SaveFileDifferent": "현재 EUD에디터 버전과 다른 세이브 파일입니다.\n프로그램 버전 :$S1$\n세이브파일 버전 :$S2$",
    "FailPlayWave": "Wav재생에 실패했습니다.",
    "invalidData": "올바르지 않은 데이터 입니다.",
    "IscriptError": "스크립트 재생 에러\nFrame $V$은 존재하지 않습니다.",
    "invalidMap": "정상적인 맵 파일이 아닙니다.\n1. 프로텍트가 걸린 맵.\n2. 정상적이지 않은 맵.\n3. 현재 실행 중인 맵.",
    "DuplicateFile": "이미 같은 파일이 들어가 있습니다!",
    "NotArrow": "현재 지원하지 않는 기능입니다.",
    "binEditbmpCau": "넣으려는 이미지 파일이 너무 큽니다!. \n예상치 못한 상황이 발생 할 수 있습니다.\n초과된 용량 : ",
    "funcError": "올바른 tfn파일이 아닙니다.",
    "tfError": "올바른 tf파일이 아닙니다.",
    "TEfuncError": "함수가 존재하지 않습니다.",
    "neeuddraft": "euddraft실행 파일이 누락되었습니다.! 다시 설정해 주세요.",
    "buildError": "빌드에 실패했습니다. 자세한 상황은 좌측 상단의 로그를 참고하세요.",
    "build": "컴파일 중입니다.",
    "TileSavemsg": "변경된 지형을 저장하시겠습니까?",
    "failReadstarCraft": "StarCraft 메모리 읽기에 실패했습니다.",
    "donotplayGame": "게임 실행중이 아닙니다.",
    "donotauth": "해당 맵에 권한이 없습니다.",
    "enMPQ": "MPQ 파일을 찾을 수 없습니다. 직접 선택하세요.",
    "notAdmin": "관리자 권한을 얻지 못했으므로 강제로 종료됩니다.",
    "notoverStart": "프로그램이 이미 실행중입니다!",
    "sonudsplit": "$S0$을 분리하는 중 ...",
    "sonudsplittext": "사운드 분리하는 중 ...",
    "failTodownload": "파일 다운로드에 실패했습니다!",
    "MSQCOn": "SCDB를 사용하기 위에 MSQC를 사용합니다.",
    "Exit": "EUD에디터를 종료하시겠습니까?",
    "NotSamename" : "맵 이름은 같을 수 없습니다.",
    "Defacultname" : "제목 없음",
    "Remastercaution" :  "호환성으로 문제로 $1$개의 옵션이 사용안함 처리되었습니다."
}