﻿{
    "Label3": "필터",
    "Label2": "내부 오브젝트",
    "Label8": "다이얼로그 목록",
    "GroupBox3": "모양설정",
    "GroupBox5": "Object",
    "Button6": "초기값",
    "Label10": "X",
    "Label11": "Y",
    "GroupBox4": "Dialog박스",
    "Button5": "초기값",
    "Button2": "비우기",
    "Label6": "X",
    "Label5": "Y",
    "Button1": "열기",
    "Label7": "외부이미지",
    "GroupBox2": "종족",
    "TabPage1": "프로토스",
    "TabPage2": "테란",
    "TabPage3": "저그",
    "GroupBox1": "장면",
    "Button3": "새 장면",
    "Button4": "삭제",
    "Scene": "장면",
    "DefaultScene": "기본 장면",
    "Min0": "일반",
    "Min1": "언유즈드",
    "statdata0": "일반 유닛",
    "statdata1": "인구보급 건물",
    "statdata2": "생산 중 건물",
    "statdata3": "건설 중 건물",
    "statdata4": "애드온 건설",
    "statdata5": "업그레이드 중",
    "statdata6": "탑승 유닛 선택1",
    "statdata7": "탑승 유닛 선택2",
    "statdata8": "탑승 유닛 선택3",
    "statdata9": "유닛 부대 선택",
    "Minimap0": "멀티플레이",
    "Minimap1": "싱글플레이",
    "Always0": "모두 보임",
    "Always1": "모두 숨김"
}
