﻿{
    "새로만들기NToolStripMenuItem1": "새로 만들기(&N)",
    "ToolStripMenuItem1": "폴더",
    "조건ToolStripMenuItem": "조건",
    "액션ToolStripMenuItem": "액션",
    "대기하기ToolStripMenuItem": "대기하기",
    "If문ToolStripMenuItem": "If문",
    "IfElse문ToolStripMenuItem": "IfElse문",
    "For문ToolStripMenuItem": "반복문(횟수)",
    "While문ToolStripMenuItem": "반복문(조건)",
    "함수FToolStripMenuItem": "함수(&F)",
    "함수ToolStripMenuItem": "함수",
    "함수정의ToolStripMenuItem": "함수 정의",
    "인수ToolStripMenuItem": "인수",
    "함수저장ToolStripMenuItem": "함수 저장",
    "함수불러오기ToolStripMenuItem": "함수 불러오기",
    "FoldMenuItem": "접기",
    "UnFoldMenuItem": "펼치기",
    "수정ToolStripMenuItem": "수정(Enter)",
    "잘라내기XToolStripMenuItem": "잘라내기(&X)",
    "복사VToolStripMenuItem": "복사(&C)",
    "붙혀넣기CToolStripMenuItem": "붙여넣기(&V)",
    "삭제DToolStripMenuItem": "삭제(&D)",
    "ToolStripMenuItem2": "클래식 트리거"
}
