﻿{
    "Button14": "Insert",
    "Button6": "Fold",
    "Button7": "Un Fold",
    "GroupBox1": "Global Variable",
    "TabPage1": "Classic view",
    "Label1": "Players with triggers:",
    "GroupBox2": "Triggers",
    "Button9": "New(N)",
    "Button10": "Modify(M)",
    "Button11": "Delete(D)",
    "Button12": "Copy(C)",
    "Button13": "Move Up(U)",
    "Button15": "Move Down(O)",
    "Button16": "Func Load(F)",
    "TabPage2": "Advance view",
    "Button5": "Folder",
    "Button17": "Trigger",
    "조건Btn": "Con(&C)",
    "액션Btn": "Act(&A)",
    "대기하기Btn": "Wait(&W)",
    "함수Btn": "Func(&F)",
    "IfBtn": "IF(&I)",
    "IfElseBtn": "IFlse(&E)",
    "ForBtn": "For(&R)",
    "WhileBtn": "While(&H)",
    "함수정의Btn": "New Func(&N)",
    "인수Btn": "Factor(&T)",
    "함수저장Btn": "Save(&S)",
    "함수불러오기Btn": "Load(&L)",
    "FastColoredTextBox1": "FastColoredTextBox1",
    "MenuStrip1": "MenuStrip1",
    "CheckBox1": "UseSCDB"
}
