﻿{
    "TESTAlter": "This version is a test version.",
    "SaveMsg": "Are you sure you want to save in $S$?",
    "Invalide2s": "invalid e2s file.",
    "TESTVMsg": "In test version, you can only open the same version file.",
    "LodingError": "Error opening the file : $S0$\nProgram Version :$S1$\nSaveFile Version :$S2$",
    "SaveFileDifferent": "Save file is different from the current EUD Editor version.\nProgram Version :$S1$\nSaveFile Version :$S2$",
    "FailPlayWave": "Fail Play Wav.",
    "invalidData": "invalid Data!",
    "IscriptError": "Iscript Error\nFrame $V$ is not exist",
    "invalidMap": "Invalid map file.\n1. Locked/Protected map.\n2. Corrupted map file.\n3. Map file is already running.",
    "DuplicateFile": "Duplicated File",
    "NotArrow": "Currently not support.",
    "binEditbmpCau": "Imported image is too large.\nUnexpected situations may occur.\nExceed Size : ",
    "funcError": "invalid tfn file.",
    "tfError": "invalid tf file."
}
