﻿{
    "GroupBox2": "Program settings",
    "Label8": "Langage",
    "Label1": "StarCraft version",
    "Label2": "StarExe",
    "Button2": "Open",
    "Button1": "Open",
    "Label3": "euddraft.exe",
    "GroupBox1": "Project settings",
    "GroupBox3": "Trigger output setting",
    "Label7": "Trigger Player",
    "CheckBox2": "Use SeTo",
    "GroupBox4": "Other Settings",
    "CheckBox3": "Using the Debug",
    "CheckBox1": "Read CHK data",
    "Button4": "Open",
    "Label6": "Save map",
    "Button3": "Open",
    "Label5": "Load map",
    "Label4": "Use & Insert Settings",
    "RadioButton2": "Do not use euddraft",
    "RadioButton1": "Use euddraft",
    "Button5": "OK",
    "Button6": "Cancel",
    "CheckBox4": "AutoCompile"
}